Sieve of Erastothenes, 1000000, 1, 0.004387, 1
Sieve of Erastothenes, 1000000, 2, 0.005227, 1
Sieve of Erastothenes, 100000000, 1, 1.070901, 1
Sieve of Erastothenes, 100000000, 2, 1.081094, 1
Sieve of Erastothenes, 100000000, 1, 1.099899, 1
Sieve of Erastothenes, 100000000, 2, 1.096129, 1
